{
  "hash": "76dedf94",
  "configHash": "7c5509fc",
  "lockfileHash": "843d6cf4",
  "browserHash": "aa01c4c3",
  "optimized": {
    "@angular/animations": {
      "src": "../../../../../../node_modules/@angular/animations/fesm2022/animations.mjs",
      "file": "@angular_animations.js",
      "fileHash": "dc15b5da",
      "needsInterop": false
    },
    "@angular/common": {
      "src": "../../../../../../node_modules/@angular/common/fesm2022/common.mjs",
      "file": "@angular_common.js",
      "fileHash": "72178cfb",
      "needsInterop": false
    },
    "@angular/common/http": {
      "src": "../../../../../../node_modules/@angular/common/fesm2022/http.mjs",
      "file": "@angular_common_http.js",
      "fileHash": "f4336174",
      "needsInterop": false
    },
    "@angular/core": {
      "src": "../../../../../../node_modules/@angular/core/fesm2022/core.mjs",
      "file": "@angular_core.js",
      "fileHash": "06966f4b",
      "needsInterop": false
    },
    "@angular/forms": {
      "src": "../../../../../../node_modules/@angular/forms/fesm2022/forms.mjs",
      "file": "@angular_forms.js",
      "fileHash": "8dbfdd95",
      "needsInterop": false
    },
    "@angular/platform-browser": {
      "src": "../../../../../../node_modules/@angular/platform-browser/fesm2022/platform-browser.mjs",
      "file": "@angular_platform-browser.js",
      "fileHash": "3e7f8420",
      "needsInterop": false
    },
    "@angular/platform-browser/animations": {
      "src": "../../../../../../node_modules/@angular/platform-browser/fesm2022/animations.mjs",
      "file": "@angular_platform-browser_animations.js",
      "fileHash": "2c5ca729",
      "needsInterop": false
    },
    "@angular/router": {
      "src": "../../../../../../node_modules/@angular/router/fesm2022/router.mjs",
      "file": "@angular_router.js",
      "fileHash": "d1deddc1",
      "needsInterop": false
    },
    "zone.js": {
      "src": "../../../../../../node_modules/zone.js/fesm2015/zone.js",
      "file": "zone__js.js",
      "fileHash": "b6a01f6d",
      "needsInterop": true
    }
  },
  "chunks": {
    "chunk-O4UEA5BK": {
      "file": "chunk-O4UEA5BK.js"
    },
    "chunk-XSJBZS2Q": {
      "file": "chunk-XSJBZS2Q.js"
    },
    "chunk-TNDFLH3V": {
      "file": "chunk-TNDFLH3V.js"
    },
    "chunk-SK4HJQEW": {
      "file": "chunk-SK4HJQEW.js"
    },
    "chunk-GHBFJGGI": {
      "file": "chunk-GHBFJGGI.js"
    },
    "chunk-W7ENOTKE": {
      "file": "chunk-W7ENOTKE.js"
    },
    "chunk-4QFITECQ": {
      "file": "chunk-4QFITECQ.js"
    },
    "chunk-WDMUDEB6": {
      "file": "chunk-WDMUDEB6.js"
    }
  }
}